target_type,target_rank,target_id,target_name,person_name,reporting_person_type,role,relationship_basis,form,accession_number,filing_date,event_date,issuer_cik,issuer_name,cusip,filer_cik,shares_beneficially_owned,ownership_percent,document_url,extraction_method,review_status
MANAGER_CIK,4,0000315066,FMR LLC,Abigail P. Johnson,IN,"Duly authorized under Power of Attorney effective as of January 26, 2023, by and on behalf of Abigail P. Johnson**",individual reporting person in manager-CIK filing,SCHEDULE 13G,0000315066-26-002258,2026-08-07,07/31/2026,0002112554,Fidelity Private Credit Co LLC,31634B104,0000315066,78662994.05,100.0,https://www.sec.gov/Archives/edgar/data/315066/000031506626002258/primary_doc.xml,SEC_SCHEDULE_XML,AUTO_EXTRACTED
MANAGER_CIK,4,0000315066,FMR LLC,Abigail P. Johnson,IN,"Duly authorized under Power of Attorney effective as of January 26, 2023, by and on behalf of Abigail P. Johnson**",individual reporting person in manager-CIK filing,SCHEDULE 13G/A,0000315066-26-002257,2026-08-07,07/31/2026,0001899996,Fidelity Private Credit Co LLC,316129105,0000315066,0.00,0.0,https://www.sec.gov/Archives/edgar/data/315066/000031506626002257/primary_doc.xml,SEC_SCHEDULE_XML,AUTO_EXTRACTED
MANAGER_CIK,47,0001067983,Berkshire Hathaway Inc,Warren E. Buffett,IN,,individual reporting person in manager-CIK filing,SCHEDULE 13G/A,0001193125-26-352910,2026-08-14,06/30/2026,0000027904,"DELTA AIR LINES, INC.",247361702,0001067983,57320000,8.7,https://www.sec.gov/Archives/edgar/data/1067983/000119312526352910/primary_doc.xml,SEC_SCHEDULE_XML,AUTO_EXTRACTED
MANAGER_CIK,47,0001067983,Berkshire Hathaway Inc,Warren E. Buffett,IN,,individual reporting person in manager-CIK filing,SCHEDULE 13G,0001193125-26-352904,2026-08-14,06/30/2026,0000920760,LENNAR CORPORATION,526057104,0001067983,13111741,6.2,https://www.sec.gov/Archives/edgar/data/1067983/000119312526352904/primary_doc.xml,SEC_SCHEDULE_XML,AUTO_EXTRACTED
MANAGER_CIK,50,0001273087,MILLENNIUM MANAGEMENT LLC,Israel A. Englander,IN,,individual reporting person in manager-CIK filing,SCHEDULE 13G/A,0001104659-26-100431,2026-08-24,08/17/2026,0002104391,Catalyst Acquisition Corp.,G1955J120,0001273087,1644000.00,7.7,https://www.sec.gov/Archives/edgar/data/1273087/000110465926100431/primary_doc.xml,SEC_SCHEDULE_XML,AUTO_EXTRACTED
MANAGER_CIK,50,0001273087,MILLENNIUM MANAGEMENT LLC,Israel A. Englander,IN,,individual reporting person in manager-CIK filing,SCHEDULE 13G,0001104659-26-098872,2026-08-19,08/17/2026,0001133869,"Capricor Therapeutics, Inc.",14070B309,0001273087,2857387.00,4.9,https://www.sec.gov/Archives/edgar/data/1273087/000110465926098872/primary_doc.xml,SEC_SCHEDULE_XML,AUTO_EXTRACTED
MANAGER_CIK,50,0001273087,MILLENNIUM MANAGEMENT LLC,Israel A. Englander,IN,,individual reporting person in manager-CIK filing,SCHEDULE 13G,0001104659-26-098866,2026-08-19,08/17/2026,0001347178,Vanda Pharmaceuticals Inc.,921659108,0001273087,3376401.00,5.6,https://www.sec.gov/Archives/edgar/data/1273087/000110465926098866/primary_doc.xml,SEC_SCHEDULE_XML,AUTO_EXTRACTED
MANAGER_CIK,101,0001729829,Qube Research & Technologies Ltd,Pierre-Yves Morlat,IN,"Christina Wilgress, attorney-in-fact for Pierre-Yves Morlat*",individual reporting person in manager-CIK filing,SCHEDULE 13G/A,0001729829-26-000005,2026-05-15,03/31/2026,0001939965,Brera Holdings PLC,G13311116,0001729829,2930140.00,3.6,https://www.sec.gov/Archives/edgar/data/1729829/000172982926000005/primary_doc.xml,SEC_SCHEDULE_XML,AUTO_EXTRACTED
MANAGER_CIK,101,0001729829,Qube Research & Technologies Ltd,Pierre-Yves Morlat,IN,"Christina Wilgress, attorney-in-fact for Pierre-Yves Morlat*",individual reporting person in manager-CIK filing,SCHEDULE 13G/A,0001729829-26-000003,2026-02-17,12/31/2025,0001939965,Brera Holdings PLC,,0001729829,6002814.00,7.3,https://www.sec.gov/Archives/edgar/data/1729829/000172982926000003/primary_doc.xml,SEC_SCHEDULE_XML,AUTO_EXTRACTED
MANAGER_CIK,101,0001729829,Qube Research & Technologies Ltd,Pierre-Yves Morlat,IN,Chief Executive Officer,individual reporting person in manager-CIK filing,SCHEDULE 13G,0001729829-25-000056,2025-11-14,09/30/2025,0001939965,Brera Holdings PLC,,0001729829,6529638.00,9.8,https://www.sec.gov/Archives/edgar/data/1729829/000172982925000056/primary_doc.xml,SEC_SCHEDULE_XML,AUTO_EXTRACTED
MANAGER_CIK,112,0001603466,"Point72 Asset Management, L.P.",Steven A. Cohen,IN,"Jason M. Colombo, Authorized Person",individual reporting person in manager-CIK filing,SCHEDULE 13G,0000919574-26-005637,2026-08-20,08/19/2026,0001590750,"Viridian Therapeutics, Inc.",92790C104,0001603466,5687507.00,5.0,https://www.sec.gov/Archives/edgar/data/1603466/000091957426005637/primary_doc.xml,SEC_SCHEDULE_XML,AUTO_EXTRACTED
MANAGER_CIK,112,0001603466,"Point72 Asset Management, L.P.",Steven A. Cohen,IN,"Jason M. Colombo, Authorized Person",individual reporting person in manager-CIK filing,SCHEDULE 13G,0000919574-26-005630,2026-08-19,08/12/2026,0001111485,"RxSight, Inc.",78349D107,0001603466,2487468.00,6.0,https://www.sec.gov/Archives/edgar/data/1603466/000091957426005630/primary_doc.xml,SEC_SCHEDULE_XML,AUTO_EXTRACTED
MANAGER_CIK,112,0001603466,"Point72 Asset Management, L.P.",Steven A. Cohen,IN,"Jason M. Colombo, Authorized Person",individual reporting person in manager-CIK filing,SCHEDULE 13G,0000919574-26-005508,2026-08-14,08/13/2026,0001227636,"Neuronetics, Inc.",64131A105,0001603466,3822124.00,5.0,https://www.sec.gov/Archives/edgar/data/1603466/000091957426005508/primary_doc.xml,SEC_SCHEDULE_XML,AUTO_EXTRACTED
MANAGER_CIK,138,0000923093,Tudor Investment Corp Et Al,Paul T. Jones II,IN,"Paul T. Jones II, Individually",individual reporting person in manager-CIK filing,SCHEDULE 13G/A,0000902664-26-001053,2026-02-17,12/31/2025,0001705873,Berry Corp (bry),,0000923093,0.00,0,https://www.sec.gov/Archives/edgar/data/923093/000090266426001053/primary_doc.xml,SEC_SCHEDULE_XML,AUTO_EXTRACTED
MANAGER_CIK,138,0000923093,Tudor Investment Corp Et Al,Paul T. Jones II,IN,"Paul T. Jones II, Individually",individual reporting person in manager-CIK filing,SCHEDULE 13G,0000902664-25-004401,2025-10-14,10/07/2025,0001705873,Berry Corp (bry),,0000923093,4600000.00,5.9,https://www.sec.gov/Archives/edgar/data/923093/000090266425004401/primary_doc.xml,SEC_SCHEDULE_XML,AUTO_EXTRACTED
MANAGER_CIK,138,0000923093,Tudor Investment Corp Et Al,Paul T. Jones II,IN,"Paul T. Jones II, Individually",individual reporting person in manager-CIK filing,SCHEDULE 13G,0000902664-25-004400,2025-10-14,10/06/2025,0001604950,scPharmaceuticals Inc.,,0000923093,0.00,0,https://www.sec.gov/Archives/edgar/data/923093/000090266425004400/primary_doc.xml,SEC_SCHEDULE_XML,AUTO_EXTRACTED
MANAGER_CIK,144,0001056288,"FEDERATED HERMES, INC.",Thomas R. Donahue,IN,,individual reporting person in manager-CIK filing,SCHEDULE 13G/A,0001623632-26-001029,2026-07-20,06/30/2026,0001178253,SCYNEXIS INC,811292200,0001056288,441658.00,4.03,https://www.sec.gov/Archives/edgar/data/1056288/000162363226001029/primary_doc.xml,SEC_SCHEDULE_XML,AUTO_EXTRACTED
MANAGER_CIK,144,0001056288,"FEDERATED HERMES, INC.",Ann C. Donahue,IN,,individual reporting person in manager-CIK filing,SCHEDULE 13G/A,0001623632-26-001029,2026-07-20,06/30/2026,0001178253,SCYNEXIS INC,811292200,0001056288,441658.00,4.03,https://www.sec.gov/Archives/edgar/data/1056288/000162363226001029/primary_doc.xml,SEC_SCHEDULE_XML,AUTO_EXTRACTED
MANAGER_CIK,144,0001056288,"FEDERATED HERMES, INC.",J. Christopher Donahue,IN,,individual reporting person in manager-CIK filing,SCHEDULE 13G/A,0001623632-26-001029,2026-07-20,06/30/2026,0001178253,SCYNEXIS INC,811292200,0001056288,441658.00,4.03,https://www.sec.gov/Archives/edgar/data/1056288/000162363226001029/primary_doc.xml,SEC_SCHEDULE_XML,AUTO_EXTRACTED
MANAGER_CIK,144,0001056288,"FEDERATED HERMES, INC.",Thomas R. Donahue,IN,,individual reporting person in manager-CIK filing,SCHEDULE 13G/A,0001623632-26-000992,2026-07-08,06/30/2026,0001178253,SCYNEXIS INC,811292200,0001056288,55207.00,4.45,https://www.sec.gov/Archives/edgar/data/1056288/000162363226000992/primary_doc.xml,SEC_SCHEDULE_XML,AUTO_EXTRACTED
MANAGER_CIK,144,0001056288,"FEDERATED HERMES, INC.",Ann C. Donahue,IN,,individual reporting person in manager-CIK filing,SCHEDULE 13G/A,0001623632-26-000992,2026-07-08,06/30/2026,0001178253,SCYNEXIS INC,811292200,0001056288,55207.00,4.45,https://www.sec.gov/Archives/edgar/data/1056288/000162363226000992/primary_doc.xml,SEC_SCHEDULE_XML,AUTO_EXTRACTED
MANAGER_CIK,144,0001056288,"FEDERATED HERMES, INC.",J. Christopher Donahue,IN,,individual reporting person in manager-CIK filing,SCHEDULE 13G/A,0001623632-26-000992,2026-07-08,06/30/2026,0001178253,SCYNEXIS INC,811292200,0001056288,55207.00,4.45,https://www.sec.gov/Archives/edgar/data/1056288/000162363226000992/primary_doc.xml,SEC_SCHEDULE_XML,AUTO_EXTRACTED
MANAGER_CIK,144,0001056288,"FEDERATED HERMES, INC.",Thomas R. Donahue,IN,,individual reporting person in manager-CIK filing,SCHEDULE 13G/A,0001623632-26-000990,2026-07-08,06/30/2026,0001636651,Ovid Therapeutics Inc.,690469101,0001056288,7737166.00,4.15,https://www.sec.gov/Archives/edgar/data/1056288/000162363226000990/primary_doc.xml,SEC_SCHEDULE_XML,AUTO_EXTRACTED
MANAGER_CIK,144,0001056288,"FEDERATED HERMES, INC.",Ann C. Donahue,IN,,individual reporting person in manager-CIK filing,SCHEDULE 13G/A,0001623632-26-000990,2026-07-08,06/30/2026,0001636651,Ovid Therapeutics Inc.,690469101,0001056288,7737166.00,4.15,https://www.sec.gov/Archives/edgar/data/1056288/000162363226000990/primary_doc.xml,SEC_SCHEDULE_XML,AUTO_EXTRACTED
MANAGER_CIK,144,0001056288,"FEDERATED HERMES, INC.",J. Christopher Donahue,IN,,individual reporting person in manager-CIK filing,SCHEDULE 13G/A,0001623632-26-000990,2026-07-08,06/30/2026,0001636651,Ovid Therapeutics Inc.,690469101,0001056288,7737166.00,4.15,https://www.sec.gov/Archives/edgar/data/1056288/000162363226000990/primary_doc.xml,SEC_SCHEDULE_XML,AUTO_EXTRACTED
MANAGER_CIK,148,0001017918,BAMCO INC /NY/,Ronald Baron,IN,Individually,individual reporting person in manager-CIK filing,SCHEDULE 13G/A,0001017918-26-000064,2026-08-14,06/30/2026,0001013237,FactSet Research Systems Inc.,303075105,0001017918,4200856,11.81,https://www.sec.gov/Archives/edgar/data/1017918/000101791826000064/primary_doc.xml,SEC_SCHEDULE_XML,AUTO_EXTRACTED
MANAGER_CIK,175,0001647251,TCI FUND MANAGEMENT LTD,Christopher Hohn,IN,"Christopher Hohn, Individually",individual reporting person in manager-CIK filing,SCHEDULE 13G/A,0000902664-26-002468,2026-05-15,03/31/2026,0001059556,Moody's Corporation,615369105,0001647251,14334027.00,8.21,https://www.sec.gov/Archives/edgar/data/1647251/000090266426002468/primary_doc.xml,SEC_SCHEDULE_XML,AUTO_EXTRACTED
MANAGER_CIK,185,0001389958,PEAK6 LLC,Matthew Hulsizer,IN,Individual,individual reporting person in manager-CIK filing,SCHEDULE 13G,0001389958-26-000015,2026-08-13,06/30/2026,0001384195,"RING ENERGY, INC.",76680V108,0001389958,17079382.00,6.6,https://www.sec.gov/Archives/edgar/data/1389958/000138995826000015/primary_doc.xml,SEC_SCHEDULE_XML,AUTO_EXTRACTED
MANAGER_CIK,185,0001389958,PEAK6 LLC,Jennifer Just,IN,Individual,individual reporting person in manager-CIK filing,SCHEDULE 13G,0001389958-26-000015,2026-08-13,06/30/2026,0001384195,"RING ENERGY, INC.",76680V108,0001389958,17079382.00,6.6,https://www.sec.gov/Archives/edgar/data/1389958/000138995826000015/primary_doc.xml,SEC_SCHEDULE_XML,AUTO_EXTRACTED
MANAGER_CIK,185,0001389958,PEAK6 LLC,Matthew Hulsizer,IN,,individual reporting person in manager-CIK filing,SCHEDULE 13G/A,0001389958-26-000002,2026-02-10,06/30/2025,0001866364,Webull Corp,,0001389958,28183470.00,6.7,https://www.sec.gov/Archives/edgar/data/1389958/000138995826000002/primary_doc.xml,SEC_SCHEDULE_XML,AUTO_EXTRACTED
MANAGER_CIK,185,0001389958,PEAK6 LLC,Jennifer Just,IN,,individual reporting person in manager-CIK filing,SCHEDULE 13G/A,0001389958-26-000002,2026-02-10,06/30/2025,0001866364,Webull Corp,,0001389958,28183470.00,6.7,https://www.sec.gov/Archives/edgar/data/1389958/000138995826000002/primary_doc.xml,SEC_SCHEDULE_XML,AUTO_EXTRACTED
MANAGER_CIK,185,0001389958,PEAK6 LLC,Matthew Hulsizer,IN,,individual reporting person in manager-CIK filing,SCHEDULE 13G,0001389958-25-000025,2025-08-14,06/30/2025,0001866364,Webull Corp,,0001389958,26567832.00,5.5,https://www.sec.gov/Archives/edgar/data/1389958/000138995825000025/primary_doc.xml,SEC_SCHEDULE_XML,AUTO_EXTRACTED
MANAGER_CIK,185,0001389958,PEAK6 LLC,Jennifer Just,IN,,individual reporting person in manager-CIK filing,SCHEDULE 13G,0001389958-25-000025,2025-08-14,06/30/2025,0001866364,Webull Corp,,0001389958,26567832.00,5.5,https://www.sec.gov/Archives/edgar/data/1389958/000138995825000025/primary_doc.xml,SEC_SCHEDULE_XML,AUTO_EXTRACTED
SECURITY_CUSIP,4,023135106,AMAZON COM INC,Jeffrey P. Bezos,IN,,individual reporting person for target security,SCHEDULE 13G/A,0001104659-25-099267,2025-10-14,09/30/2025,0001018724,"Amazon.com, Inc.",,0001043298,964340319.00,9.0,https://www.sec.gov/Archives/edgar/data/1043298/000110465925099267/primary_doc.xml,SEC_SCHEDULE_XML,AUTO_EXTRACTED
SECURITY_CUSIP,5,02079K305,ALPHABET INC,Eric E. Schmidt,IN,Eric. E. Schmidt,individual reporting person for target security,SCHEDULE 13G/A,0000950170-25-109161,2025-08-14,06/30/2025,0001652044,Alphabet Inc.,,0001242463,48808584,0.83,https://www.sec.gov/Archives/edgar/data/1242463/000095017025109161/primary_doc.xml,SEC_SCHEDULE_XML,AUTO_EXTRACTED
SECURITY_CUSIP,5,02079K305,ALPHABET INC,Eric E. Schmidt,IN,Eric. E. Schmidt,individual reporting person for target security,SCHEDULE 13G/A,0000950170-25-022699,2025-02-18,12/31/2024,0001652044,Alphabet Inc.,,0001242463,56921959,0.97,https://www.sec.gov/Archives/edgar/data/1242463/000095017025022699/primary_doc.xml,SEC_SCHEDULE_XML,AUTO_EXTRACTED
SECURITY_CUSIP,10,30303M102,META PLATFORMS INC,Abigail P. Johnson,IN,"Duly authorized under Power of Attorney effective as of January 26, 2023, by and on behalf of Abigail P. Johnson**",individual reporting person for target security,SCHEDULE 13G/A,0000315066-26-002069,2026-08-06,06/30/2026,0001326801,META PLATFORMS INC,30303M102,0000315066,96176347.85,4.4,https://www.sec.gov/Archives/edgar/data/315066/000031506626002069/primary_doc.xml,SEC_SCHEDULE_XML,AUTO_EXTRACTED
SECURITY_CUSIP,10,30303M102,META PLATFORMS INC,Abigail P. Johnson,IN,"Duly authorized under Power of Attorney effective as of January 26, 2023, by and on behalf of Abigail P. Johnson**",individual reporting person for target security,SCHEDULE 13G/A,0000315066-25-001054,2025-04-07,12/29/2023,0001326801,META PLATFORMS INC,,0000315066,134555687.03,6.1,https://www.sec.gov/Archives/edgar/data/315066/000031506625001054/primary_doc.xml,SEC_SCHEDULE_XML,AUTO_EXTRACTED
SECURITY_CUSIP,12,88160R101,TESLA INC,Elon R. Musk,IN,,individual reporting person for target security,SCHEDULE 13G/A,0001104659-26-075203,2026-06-17,06/16/2026,0001318605,"Tesla, Inc.",88160R101,0001494730,699580882.00,19.9,https://www.sec.gov/Archives/edgar/data/1494730/000110465926075203/primary_doc.xml,SEC_SCHEDULE_XML,AUTO_EXTRACTED
SECURITY_CUSIP,12,88160R101,TESLA INC,Elon R. Musk,IN,,individual reporting person for target security,SCHEDULE 13G/A,0001104659-25-109266,2025-11-10,09/30/2025,0001318605,"Tesla, Inc.",,0001494730,717323438.00,20.3,https://www.sec.gov/Archives/edgar/data/1494730/000110465925109266/primary_doc.xml,SEC_SCHEDULE_XML,AUTO_EXTRACTED
SECURITY_CUSIP,33,931142103,WALMART INC,WALTON S ROBSON,IN,S. Robson Walton,individual reporting person for target security,SCHEDULE 13G/A,0001140361-25-002729,2025-01-31,12/31/2024,0000104169,Walmart Inc.,,0001219112,7029557,0.09,https://www.sec.gov/Archives/edgar/data/1219112/000114036125002729/primary_doc.xml,SEC_SCHEDULE_XML,AUTO_EXTRACTED
SECURITY_CUSIP,33,931142103,WALMART INC,Jim C. Walton,IN,,individual reporting person for target security,SCHEDULE 13G/A,0001140361-25-002729,2025-01-31,12/31/2024,0000104169,Walmart Inc.,,0001219112,31521372,0.39,https://www.sec.gov/Archives/edgar/data/1219112/000114036125002729/primary_doc.xml,SEC_SCHEDULE_XML,AUTO_EXTRACTED
SECURITY_CUSIP,33,931142103,WALMART INC,Alice L. Walton,IN,,individual reporting person for target security,SCHEDULE 13G/A,0001140361-25-002729,2025-01-31,12/31/2024,0000104169,Walmart Inc.,,0001219112,20245740,0.25,https://www.sec.gov/Archives/edgar/data/1219112/000114036125002729/primary_doc.xml,SEC_SCHEDULE_XML,AUTO_EXTRACTED
SECURITY_CUSIP,37,060505104,BANK AMERICA CORP,Warren E. Buffett,IN,,individual reporting person for target security,SCHEDULE 13G/A,0001193125-25-283602,2025-11-14,09/30/2025,0000070858,BANK OF AMERICA CORPORATION,,0001067983,568070012,7.8,https://www.sec.gov/Archives/edgar/data/1067983/000119312525283602/primary_doc.xml,SEC_SCHEDULE_XML,AUTO_EXTRACTED
SECURITY_CUSIP,43,64110L106,NETFLIX INC.,Abigail P. Johnson,IN,"Duly authorized under Power of Attorney effective as of January 26, 2023, by and on behalf of Abigail P. Johnson**",individual reporting person for target security,SCHEDULE 13G/A,0000315066-26-002077,2026-08-06,06/30/2026,0001065280,NETFLIX INC,64110L106,0000315066,137555034.94,3.3,https://www.sec.gov/Archives/edgar/data/315066/000031506626002077/primary_doc.xml,SEC_SCHEDULE_XML,AUTO_EXTRACTED
SECURITY_CUSIP,43,64110L106,NETFLIX INC.,Abigail P. Johnson,IN,"Duly authorized under Power of Attorney effective as of January 26, 2023, by and on behalf of Abigail P. Johnson**",individual reporting person for target security,SCHEDULE 13G/A,0000315066-25-001058,2025-04-07,12/29/2023,0001065280,NETFLIX INC,,0000315066,22275032.57,5.1,https://www.sec.gov/Archives/edgar/data/315066/000031506625001058/primary_doc.xml,SEC_SCHEDULE_XML,AUTO_EXTRACTED
SECURITY_CUSIP,46,166764100,CHEVRON CORPORATION,Warren E. Buffett,IN,,individual reporting person for target security,SCHEDULE 13G/A,0001193125-26-227102,2026-05-15,03/31/2026,0000093410,CHEVRON CORPORATION,166764100,0001067983,84375856,4.2,https://www.sec.gov/Archives/edgar/data/1067983/000119312526227102/primary_doc.xml,SEC_SCHEDULE_XML,AUTO_EXTRACTED
SECURITY_CUSIP,57,032095101,AMPHENOL CORP,Abigail P. Johnson,IN,"Duly authorized under Power of Attorney effective as of January 26, 2023, by and on behalf of Abigail P. Johnson**",individual reporting person for target security,SCHEDULE 13G/A,0000315066-26-000375,2026-02-05,12/31/2025,0000820313,AMPHENOL CORPORATION NEW,,0000315066,86361390.09,7.1,https://www.sec.gov/Archives/edgar/data/315066/000031506626000375/primary_doc.xml,SEC_SCHEDULE_XML,AUTO_EXTRACTED
SECURITY_CUSIP,57,032095101,AMPHENOL CORP,Abigail P. Johnson,IN,"Duly authorized under Power of Attorney effective as of January 26, 2023, by and on behalf of Abigail P. Johnson**",individual reporting person for target security,SCHEDULE 13G/A,0000315066-25-002672,2025-11-05,09/30/2025,0000820313,AMPHENOL CORPORATION NEW,,0000315066,99759123.18,8.2,https://www.sec.gov/Archives/edgar/data/315066/000031506625002672/primary_doc.xml,SEC_SCHEDULE_XML,AUTO_EXTRACTED
SECURITY_CUSIP,61,949746101,WELLS FARGO & CO,Abigail P. Johnson,IN,"Duly authorized under Power of Attorney effective as of January 26, 2023, by and on behalf of Abigail P. Johnson**",individual reporting person for target security,SCHEDULE 13G/A,0000315066-25-001055,2025-04-07,09/30/2024,0000072971,WELLS FARGO & COMPANY,,0000315066,197480074.87,5.8,https://www.sec.gov/Archives/edgar/data/315066/000031506625001055/primary_doc.xml,SEC_SCHEDULE_XML,AUTO_EXTRACTED
SECURITY_CUSIP,99,24703L202,DELL TECHNOLOGIES INC,Michael S. Dell,IN,"James Williamson, Attorney-in-Fact",individual reporting person for target security,SCHEDULE 13G/A,0001123292-26-000125,2026-02-06,12/31/2025,0001571996,Dell Technologies Inc.,,0000908724,265674689,45.7,https://www.sec.gov/Archives/edgar/data/908724/000112329226000125/primary_doc.xml,SEC_SCHEDULE_XML,AUTO_EXTRACTED
SECURITY_CUSIP,107,H1467J104,CHUBB LTD SWITZ,Warren E. Buffett,IN,,individual reporting person for target security,SCHEDULE 13G/A,0001193125-25-283631,2025-11-14,09/30/2025,0000896159,CHUBB LIMITED,,0001067983,31332895,8.0,https://www.sec.gov/Archives/edgar/data/1067983/000119312525283631/primary_doc.xml,SEC_SCHEDULE_XML,AUTO_EXTRACTED
SECURITY_CUSIP,172,94106L109,WASTE MGMT INC DEL,William H. Gates III,IN,"Alan Heuberger, Attorney-in-fact",individual reporting person for target security,SCHEDULE 13G/A,0001104659-25-112545,2025-11-14,09/30/2025,0000823768,"Waste Management, Inc.",,0001166559,28934344.00,7.2,https://www.sec.gov/Archives/edgar/data/1166559/000110465925112545/primary_doc.xml,SEC_SCHEDULE_XML,AUTO_EXTRACTED
SECURITY_CUSIP,175,615369105,MOODYS CORP,Christopher Hohn,IN,"Christopher Hohn, Individually",individual reporting person for target security,SCHEDULE 13G/A,0000902664-26-002468,2026-05-15,03/31/2026,0001059556,Moody's Corporation,615369105,0001647251,14334027.00,8.21,https://www.sec.gov/Archives/edgar/data/1647251/000090266426002468/primary_doc.xml,SEC_SCHEDULE_XML,AUTO_EXTRACTED
SECURITY_CUSIP,184,04626A103,ASTERA LABS INC,Mohan Jitendra,IN,Jitendra Mohan,individual reporting person for target security,SCHEDULE 13G/A,0001470831-25-000319,2025-11-14,09/30/2025,0001736297,"Astera Labs, Inc.",,0001998053,9169692.00,5.4,https://www.sec.gov/Archives/edgar/data/1998053/000147083125000319/primary_doc.xml,SEC_SCHEDULE_XML,AUTO_EXTRACTED
